{"cameraMode":{"drawMode":0,"name":"Shaded","section":"Shading Mode"},"sceneLighting":true,"audioPlay":false,"sceneViewState":{"showFog":true,"showMaterialUpdate":false,"showSkybox":true,"showFlares":true,"showImageEffects":true,"showParticleSystems":true},"in2DMode":false,"pivot":{"x":-16.02962875366211,"y":0.2614917755126953,"z":-6.030081272125244},"rotation":{"x":0.16805009543895722,"y":-0.6829561591148377,"z":0.166045680642128,"w":0.6912009119987488},"size":7.321542739868164,"orthographic":false}